doc_id,DEPTH,EQUIPMENT,MEASUREMENT_BAR,MEASUREMENT_DEG,MEASUREMENT_KNM,MEASUREMENT_LPM,MEASUREMENT_M3,MEASUREMENT_MT,MEASUREMENT_RPM,MEASUREMENT_SG,TIME_REF
15_9_19_A_1997_07_25.pdf,0,1,0,0,0,0,0,0,0,0,0
15_9_19_A_1997_07_26.pdf,86,25,0,0,0,12,0,0,0,0,0
15_9_19_A_1997_07_27.pdf,84,87,12,0,0,0,0,24,0,0,0
15_9_19_A_1997_07_28.pdf,37,25,0,0,0,0,0,12,0,0,0
15_9_19_A_1997_07_29.pdf,50,25,24,0,0,12,0,0,0,0,0
15_9_19_A_1997_07_30.pdf,109,62,12,0,0,12,0,0,0,0,0
15_9_19_A_1997_07_31.pdf,37,0,0,0,0,0,0,0,0,0,0
15_9_19_A_1997_08_01.pdf,36,61,12,0,0,12,0,0,0,0,12
15_9_19_A_1997_08_02.pdf,97,49,12,0,0,48,0,24,12,0,36
15_9_19_A_1997_08_03.pdf,96,73,60,0,0,60,0,0,12,25,12
15_9_19_A_1997_08_04.pdf,49,25,12,0,0,24,0,12,0,0,0
15_9_19_A_1997_08_05.pdf,74,37,0,0,0,12,0,0,0,0,0
15_9_19_A_1997_08_06.pdf,38,0,12,12,0,12,0,0,0,0,12
15_9_19_A_1997_08_07.pdf,41,0,0,0,0,10,0,0,0,0,0
15_9_19_A_1997_08_08.pdf,41,31,0,0,0,0,0,0,0,0,10
15_9_19_A_1997_08_09.pdf,99,158,0,0,0,0,0,0,0,0,0
15_9_19_A_1997_08_10.pdf,156,24,0,0,0,0,0,0,0,0,0
15_9_19_A_1997_08_11.pdf,122,13,0,0,0,0,0,0,0,0,0
15_9_19_A_1997_08_12.pdf,85,145,0,0,0,0,0,0,0,0,0
15_9_19_A_1997_08_13.pdf,146,24,12,0,0,0,0,0,0,0,0
15_9_19_A_1997_08_14.pdf,134,24,12,0,0,0,0,0,0,0,12
15_9_19_A_1997_08_15.pdf,133,36,12,0,0,0,0,0,0,0,0
15_9_19_A_1997_08_16.pdf,73,36,12,0,0,0,0,0,0,0,0
15_9_19_A_1997_08_17.pdf,109,36,12,0,0,0,0,0,0,0,12
15_9_19_A_1997_08_18.pdf,120,25,12,0,0,0,0,0,0,0,12
15_9_19_A_1997_08_19.pdf,157,27,12,0,0,0,0,0,0,0,0
15_9_19_A_1997_08_20.pdf,25,98,36,0,0,0,0,0,0,0,36
15_9_19_A_1997_08_21.pdf,110,60,12,0,0,0,0,0,0,0,12
15_9_19_A_1997_08_22.pdf,52,24,0,0,0,0,0,0,0,0,0
15_9_19_A_1997_08_23.pdf,32,23,0,0,0,0,0,0,0,0,0
15_9_19_A_1997_08_24.pdf,20,22,0,0,0,0,0,0,0,0,0
15_9_19_A_1997_08_25.pdf,72,50,0,0,0,0,0,0,0,0,0
15_9_19_A_1997_08_26.pdf,0,32,0,0,0,0,0,0,0,0,0
15_9_19_A_1997_08_27.pdf,10,42,0,0,0,0,0,0,0,0,0
15_9_19_A_1997_08_28.pdf,13,25,12,0,0,12,0,0,0,0,0
15_9_19_A_1997_08_29.pdf,12,12,24,0,0,24,0,0,0,0,0
15_9_19_A_1997_08_30.pdf,36,24,0,0,0,0,0,24,0,0,0
15_9_19_A_1997_08_31.pdf,24,12,0,0,0,0,0,0,0,24,0
15_9_19_A_1997_09_01.pdf,0,36,0,0,0,0,0,0,0,0,0
15_9_19_A_1997_09_02.pdf,0,38,0,0,0,24,0,0,0,0,0
15_9_19_A_1997_09_03.pdf,1,112,88,0,0,11,0,0,0,11,0
15_9_19_A_1997_09_04.pdf,12,36,13,0,0,0,0,0,0,0,0
15_9_19_A_1997_10_05.pdf,12,37,0,0,0,0,0,0,0,0,0
15_9_19_A_1997_10_06.pdf,24,85,36,0,0,0,0,0,0,0,0
15_9_19_A_1997_10_07.pdf,62,26,0,0,0,0,0,0,0,0,0
15_9_19_A_1997_10_08.pdf,168,60,24,0,0,24,0,0,0,12,0
15_9_19_A_1997_10_09.pdf,130,20,0,0,0,0,0,0,0,0,0
15_9_19_A_1997_10_10.pdf,72,0,0,0,0,0,0,0,0,24,0
15_9_19_A_1997_10_11.pdf,60,12,12,0,0,24,0,0,0,12,24
15_9_19_A_1997_10_12.pdf,40,0,0,0,0,0,0,0,0,0,30
15_9_19_A_1997_10_13.pdf,20,0,0,0,0,0,0,0,0,0,30
15_9_19_A_1997_10_14.pdf,12,0,0,0,0,0,0,0,0,0,12
15_9_19_A_1997_10_15.pdf,49,25,0,0,0,0,0,0,0,0,12
15_9_19_A_1997_10_16.pdf,61,0,0,0,0,0,0,0,0,0,24
15_9_19_A_1997_10_17.pdf,36,0,0,0,0,0,0,0,0,0,0
15_9_19_A_1997_10_18.pdf,0,50,36,0,0,0,0,0,0,0,24
15_9_19_A_1997_10_19.pdf,0,22,33,0,0,0,0,0,0,0,0
15_9_19_A_1997_10_20.pdf,0,36,96,0,0,0,0,0,0,0,0
15_9_19_A_1997_10_21.pdf,36,24,12,0,0,0,0,0,0,0,0
15_9_19_A_1997_10_22.pdf,36,12,48,0,0,0,0,0,0,0,12
15_9_19_A_1997_10_23.pdf,12,60,12,0,0,0,0,0,0,12,0
15_9_19_A_1997_10_24.pdf,56,0,11,0,0,0,0,11,0,0,11
15_9_19_A_1997_10_25.pdf,11,11,0,0,0,0,0,0,0,0,0
15_9_19_A_1997_10_26.pdf,0,13,12,0,0,0,0,0,0,0,12
15_9_19_A_1997_10_27.pdf,0,23,22,0,0,0,0,22,0,0,22
15_9_19_A_1997_10_28.pdf,10,20,0,0,0,0,0,20,0,0,30
15_9_19_A_1997_10_29.pdf,24,12,12,0,0,0,0,0,0,0,24
15_9_19_A_1997_10_30.pdf,13,12,36,0,0,24,0,0,0,0,24
15_9_19_A_1997_11_01.pdf,0,12,0,0,0,0,0,0,0,0,0
15_9_19_A_1997_11_03.pdf,12,48,48,0,0,12,0,12,0,24,0
15_9_19_A_1997_11_04.pdf,0,12,12,0,0,0,0,0,0,0,12
15_9_19_A_1997_11_05.pdf,22,0,20,0,0,10,0,20,0,1,0
15_9_19_A_1997_11_06.pdf,31,2,70,0,0,10,0,10,0,21,10
15_9_19_A_1997_11_07.pdf,25,109,36,0,0,0,0,0,0,0,12
15_9_19_A_1997_11_08.pdf,0,24,0,0,0,0,0,0,0,0,0
15_9_19_A_1997_11_09.pdf,120,14,12,0,0,0,0,0,12,12,13
15_9_19_A_1997_11_10.pdf,24,0,12,0,0,0,0,0,0,0,13
15_9_19_BT2_1997_12_06.pdf,13,0,0,0,0,0,0,0,0,0,12
15_9_19_BT2_1997_12_07.pdf,51,0,0,0,0,0,0,12,0,0,24
15_9_19_BT2_1997_12_08.pdf,61,60,12,0,0,36,0,12,12,0,36
15_9_19_BT2_1997_12_09.pdf,110,36,12,0,0,24,0,0,0,0,12
15_9_19_BT2_1997_12_10.pdf,146,48,36,0,0,36,0,60,0,0,12
15_9_19_BT2_1997_12_11.pdf,60,48,0,0,0,0,0,0,0,0,0
15_9_19_BT2_1997_12_12.pdf,242,52,20,0,0,30,0,30,0,0,0
15_9_19_BT2_1997_12_13.pdf,210,68,0,0,0,0,0,33,0,0,0
15_9_19_BT2_1997_12_14.pdf,73,50,24,0,0,24,0,60,0,0,0
15_9_19_BT2_1997_12_15.pdf,121,73,31,0,0,10,0,60,0,20,10
15_9_19_BT2_1997_12_16.pdf,36,97,36,0,0,0,0,0,0,0,48
15_9_19_BT2_1997_12_17.pdf,36,75,12,0,0,0,0,0,0,0,0
15_9_19_BT2_1997_12_18.pdf,73,86,24,0,0,48,0,0,12,12,0
15_9_19_BT2_1997_12_19.pdf,132,3,0,0,0,0,0,0,0,0,0
15_9_19_BT2_1997_12_20.pdf,56,78,0,0,0,0,0,0,0,0,0
15_9_19_BT2_1997_12_21.pdf,133,63,0,0,0,0,0,0,0,0,12
15_9_19_BT2_1997_12_22.pdf,62,50,0,0,0,0,0,0,0,0,0
15_9_19_BT2_1997_12_23.pdf,75,15,0,0,0,0,0,0,0,0,24
15_9_19_BT2_1997_12_24.pdf,73,73,0,0,0,0,0,0,0,0,0
15_9_19_BT2_1997_12_25.pdf,74,38,0,0,0,0,0,0,0,0,0
15_9_19_BT2_1997_12_26.pdf,110,3,0,0,0,0,0,0,0,0,0
15_9_19_BT2_1997_12_27.pdf,86,39,0,0,0,0,0,0,0,0,0
15_9_19_BT2_1997_12_28.pdf,50,61,0,0,0,0,0,0,0,0,0
15_9_19_BT2_1997_12_29.pdf,114,44,0,0,0,0,0,0,0,22,11
15_9_19_BT2_1997_12_30.pdf,87,13,0,0,0,0,0,0,0,0,0
15_9_19_BT2_1997_12_31.pdf,146,13,0,0,0,0,0,0,0,0,0
15_9_19_BT2_1998_01_01.pdf,48,110,48,0,0,0,0,0,0,0,12
15_9_19_BT2_1998_01_02.pdf,195,12,0,36,0,0,0,0,12,0,0
15_9_19_BT2_1998_01_03.pdf,180,12,0,24,0,0,0,0,0,0,0
15_9_19_BT2_1998_01_04.pdf,161,12,12,0,0,0,0,0,0,0,12
15_9_19_BT2_1998_01_05.pdf,64,36,0,0,0,0,0,0,0,0,12
15_9_19_BT2_1998_01_06.pdf,108,0,0,0,0,0,0,0,0,0,12
15_9_19_BT2_1998_01_07.pdf,132,12,12,0,0,0,0,0,0,0,0
15_9_19_BT2_1998_01_08.pdf,120,0,0,0,0,0,0,0,0,0,0
15_9_19_BT2_1998_01_09.pdf,79,39,0,0,0,0,0,0,0,0,0
15_9_19_BT2_1998_01_10.pdf,125,61,0,0,0,0,0,0,0,0,0
15_9_19_BT2_1998_01_11.pdf,108,25,0,0,0,0,0,0,0,0,0
15_9_19_BT2_1998_01_12.pdf,12,26,0,0,0,0,0,0,0,0,0
15_9_19_BT2_1998_01_13.pdf,48,14,0,0,0,0,0,0,0,0,0
15_9_19_BT2_1998_01_14.pdf,12,38,12,0,0,12,0,0,0,0,0
15_9_19_BT2_1998_01_15.pdf,0,63,0,0,0,0,0,0,0,0,12
15_9_19_BT2_1998_01_16.pdf,0,24,36,0,0,36,0,12,0,0,12
15_9_19_BT2_1998_01_17.pdf,61,0,24,0,0,24,0,12,0,0,24
15_9_19_BT2_1998_01_18.pdf,48,24,36,0,0,36,0,0,0,0,0
15_9_19_BT2_1998_01_19.pdf,48,12,0,0,0,0,0,12,0,0,0
15_9_19_BT2_1998_01_20.pdf,84,36,12,0,0,12,0,0,0,0,13
15_9_19_BT2_1998_01_21.pdf,24,108,24,0,0,0,0,12,0,0,24
15_9_19_BT2_1998_01_22.pdf,162,36,84,0,0,60,0,60,0,108,24
15_9_19_BT2_1998_01_23.pdf,86,61,36,0,0,24,0,0,0,48,12
15_9_19_BT2_1998_01_24.pdf,64,36,18,0,0,0,0,9,0,36,63
15_9_19_BT2_1998_01_25.pdf,51,100,20,0,0,30,0,0,10,20,20
15_9_19_BT2_1998_01_26.pdf,100,90,40,0,0,10,0,20,0,40,10
15_9_19_BT2_1998_01_27.pdf,62,20,0,0,0,0,0,0,0,10,10
15_9_19_BT2_1998_01_28.pdf,82,23,11,0,0,0,0,11,0,22,11
15_9_19_BT2_1998_01_29.pdf,86,71,30,0,0,20,0,10,10,10,10
15_9_19_BT2_1998_01_30.pdf,48,85,24,0,0,0,0,0,0,12,12
15_9_19_BT2_1998_01_31.pdf,12,13,0,0,0,0,0,0,0,0,0
15_9_19_BT2_1998_02_01.pdf,60,61,0,0,0,0,0,0,0,0,12
15_9_19_BT2_1998_02_02.pdf,12,15,0,0,0,0,0,0,0,0,38
15_9_19_BT2_1998_02_03.pdf,70,0,0,0,0,0,0,0,0,0,50
15_9_19_BT2_1998_02_04.pdf,120,0,0,20,0,0,0,0,0,0,121
15_9_19_BT2_1998_02_05.pdf,0,0,0,20,0,0,0,0,0,0,20
15_9_19_B_1997_11_10.pdf,0,23,0,0,0,0,0,0,0,0,0
15_9_19_B_1997_11_11.pdf,134,77,0,0,0,0,0,0,0,0,1
15_9_19_B_1997_11_12.pdf,111,37,0,0,0,0,0,0,0,0,0
15_9_19_B_1997_11_13.pdf,135,1,0,0,0,0,0,0,0,0,0
15_9_19_B_1997_11_14.pdf,87,61,0,0,0,0,0,0,0,0,0
15_9_19_B_1997_11_15.pdf,112,1,11,0,0,0,0,0,0,11,0
15_9_19_B_1997_11_16.pdf,108,74,25,0,0,0,0,0,0,24,0
15_9_19_B_1997_11_17.pdf,12,48,0,0,0,0,0,0,0,0,12
15_9_19_B_1997_11_18.pdf,150,29,0,0,0,0,0,0,0,0,0
15_9_19_B_1997_11_19.pdf,81,63,0,0,0,0,0,0,0,0,10
15_9_19_B_1997_11_20.pdf,48,0,0,0,0,0,0,0,0,0,0
15_9_19_B_1997_11_21.pdf,78,0,0,0,0,0,0,0,0,0,4
15_9_19_B_1997_11_22.pdf,182,0,0,0,0,0,0,0,0,0,32
15_9_19_B_1997_11_23.pdf,104,0,0,0,0,0,0,0,0,0,4
15_9_19_B_1997_11_24.pdf,67,79,44,0,0,88,0,0,0,33,0
15_9_19_B_1997_11_25.pdf,60,13,120,0,0,96,0,0,0,36,0
15_9_19_B_1997_11_26.pdf,13,170,84,12,0,12,0,0,0,0,72
15_9_19_B_1997_11_27.pdf,150,24,0,0,0,120,0,0,0,96,0
15_9_19_B_1997_11_28.pdf,122,24,0,0,0,72,0,0,0,36,0
15_9_19_B_1997_11_29.pdf,30,21,0,0,0,0,0,0,0,0,0
15_9_19_B_1997_11_30.pdf,86,120,0,0,0,12,0,0,12,0,0
15_9_19_B_1997_12_01.pdf,180,0,0,0,0,84,0,0,0,74,0
15_9_19_B_1997_12_02.pdf,216,38,24,0,0,120,0,0,0,36,0
15_9_19_B_1997_12_03.pdf,86,49,0,0,0,96,0,0,0,72,0
15_9_19_B_1997_12_04.pdf,157,74,12,0,0,132,0,12,12,60,0
15_9_19_B_1997_12_05.pdf,84,75,24,0,0,36,0,0,0,24,12
15_9_19_B_1997_12_06.pdf,100,24,0,0,0,0,0,0,0,0,0
15_9_19_ST2_1992_12_19.pdf,60,0,0,10,0,0,0,0,0,10,0
15_9_19_ST2_1992_12_20.pdf,170,10,10,20,0,0,0,0,0,0,0
15_9_19_ST2_1992_12_21.pdf,112,120,0,0,0,0,0,0,0,0,0
15_9_19_ST2_1992_12_22.pdf,82,0,0,0,0,0,0,0,0,0,0
15_9_19_ST2_1992_12_23.pdf,91,0,0,0,0,0,0,0,0,0,0
15_9_19_ST2_1992_12_24.pdf,102,10,0,0,0,0,0,0,0,0,0
15_9_19_ST2_1992_12_25.pdf,168,0,0,0,0,12,0,0,12,0,0
15_9_19_ST2_1992_12_26.pdf,84,12,0,0,0,24,0,0,12,24,0
15_9_19_ST2_1992_12_27.pdf,84,12,0,0,0,12,0,0,12,24,0
15_9_19_ST2_1992_12_28.pdf,146,13,0,0,0,0,0,0,0,0,12
15_9_19_ST2_1992_12_29.pdf,102,2,0,0,0,0,0,0,0,0,12
15_9_19_ST2_1992_12_30.pdf,128,23,0,0,0,0,0,0,0,0,0
15_9_19_ST2_1992_12_31.pdf,217,11,11,0,0,0,0,0,0,0,0
15_9_19_ST2_1993_01_01.pdf,161,86,24,12,0,0,0,0,0,0,0
15_9_19_ST2_1993_01_02.pdf,78,69,22,0,0,0,0,0,0,0,0
15_9_19_ST2_1993_01_03.pdf,194,23,0,0,0,0,0,0,0,0,33
15_9_19_ST2_1993_01_04.pdf,124,38,0,0,0,0,0,0,12,0,0
15_9_19_ST2_1993_01_05.pdf,43,26,0,0,0,0,0,0,0,0,0
15_9_19_ST2_1993_01_06.pdf,302,196,36,0,0,60,0,0,36,0,48
15_9_19_ST2_1993_01_07.pdf,172,73,12,0,0,24,0,0,12,0,0
15_9_19_ST2_1993_01_08.pdf,89,10,20,0,0,30,0,0,20,0,0
15_9_19_ST2_1993_01_09.pdf,145,0,36,0,0,36,0,0,24,0,0
15_9_19_ST2_1993_01_10.pdf,86,0,24,0,0,24,0,0,24,0,0
15_9_19_ST2_1993_01_11.pdf,58,11,22,0,0,33,0,0,33,0,22
15_9_19_ST2_1993_01_13.pdf,62,2,0,0,0,0,0,0,0,12,0
15_9_19_ST2_1993_01_14.pdf,62,75,12,0,0,12,0,0,12,25,12
15_9_19_ST2_1993_01_15.pdf,51,25,0,0,0,48,0,12,0,1,0
15_9_19_ST2_1993_01_16.pdf,61,41,0,0,0,0,0,0,0,14,12
15_9_19_ST2_1993_01_17.pdf,0,3,61,0,0,24,0,0,0,97,0
15_9_19_ST2_1993_01_18.pdf,25,50,0,0,0,0,0,0,0,0,12
15_9_19_ST2_1993_01_19.pdf,12,49,0,0,0,0,0,0,0,0,0
15_9_19_ST2_1993_01_20.pdf,13,157,36,0,0,0,0,12,0,12,12
15_9_19_ST2_1993_01_21.pdf,62,1,0,0,0,0,0,0,0,0,0
15_9_19_ST2_1993_01_22.pdf,25,1,0,0,0,0,0,0,0,0,0
15_9_19_ST2_1993_01_23.pdf,84,48,0,0,0,0,0,0,0,12,12
15_9_19_ST2_1993_01_24.pdf,108,25,0,0,0,0,0,12,0,0,0
15_9_19_ST2_1993_01_25.pdf,66,66,11,0,0,0,0,0,0,0,0
15_9_19_ST2_1993_01_26.pdf,89,23,56,0,0,22,0,0,0,22,33
15_9_19_ST2_1993_01_27.pdf,55,23,22,0,0,0,0,0,0,0,22
15_9_19_ST2_1993_01_28.pdf,44,56,33,0,0,0,0,0,0,11,33
15_9_19_ST2_1993_01_29.pdf,44,55,22,0,0,0,0,0,0,0,22
15_9_19_ST2_1993_01_30.pdf,33,55,0,0,0,0,0,0,0,0,0
15_9_19_ST2_1993_02_01.pdf,0,0,0,0,0,0,0,0,0,0,12
15_9_19_ST2_1993_02_18.pdf,0,2,0,0,0,0,0,0,0,0,12
15_9_19_ST2_1993_02_19.pdf,12,25,0,0,0,0,0,12,0,0,0
15_9_19_ST2_1993_02_20.pdf,0,25,0,0,0,0,0,0,0,0,0
15_9_19_ST2_1993_02_23.pdf,24,25,0,0,0,0,0,12,0,0,0
15_9_19_ST2_1993_02_24.pdf,12,108,48,0,0,0,0,12,0,0,36
15_9_19_ST2_1993_02_25.pdf,48,36,25,0,0,0,0,0,0,13,0
15_9_19_ST2_1993_02_26.pdf,73,12,36,0,0,0,0,0,0,48,0
15_9_19_ST2_1993_02_27.pdf,84,60,0,0,0,0,0,0,0,0,12
15_9_19_ST2_1993_02_28.pdf,36,25,0,0,0,0,0,0,0,0,0
15_9_19_ST2_1993_03_01.pdf,180,61,0,0,0,0,0,0,0,0,0
15_9_19_ST2_1993_03_02.pdf,181,0,0,0,0,0,0,0,0,0,0
15_9_19_ST2_1993_03_03.pdf,60,1,0,0,0,0,0,0,0,0,0
15_9_19_ST2_1993_03_04.pdf,61,85,0,0,0,0,0,0,0,0,0
15_9_19_ST2_1993_03_05.pdf,144,48,0,0,0,0,0,0,0,0,0
15_9_19_ST2_1993_03_06.pdf,52,0,0,0,0,0,0,0,0,0,4
15_9_19_ST2_1993_03_07.pdf,158,25,0,0,0,0,0,0,0,0,12
15_9_19_ST2_1993_03_08.pdf,84,13,0,0,0,0,0,0,0,0,24
15_9_19_ST2_1993_03_09.pdf,108,36,0,0,0,0,0,0,0,0,12
15_9_19_ST2_1993_03_10.pdf,101,68,33,0,0,0,0,0,0,0,33
15_9_19_ST2_1993_03_11.pdf,170,48,0,0,0,0,0,0,0,0,0
15_9_19_ST2_1993_03_12.pdf,86,0,0,0,0,0,0,0,0,0,0
15_9_19_ST2_1993_03_13.pdf,156,12,12,0,0,0,0,0,0,0,12
15_9_19_ST2_1993_03_14.pdf,77,11,0,0,0,0,0,0,0,0,11
15_9_19_ST2_1993_03_15.pdf,120,24,12,0,0,0,0,0,0,0,0
15_9_19_ST2_1993_03_16.pdf,60,0,0,0,0,0,0,0,0,0,0
15_9_19_ST2_1993_03_17.pdf,145,0,0,0,0,0,0,0,0,0,0
15_9_19_ST2_1993_03_18.pdf,37,24,0,0,0,0,0,0,0,0,0
15_9_19_ST2_1993_03_19.pdf,99,11,45,0,0,11,0,0,33,11,0
15_9_19_ST2_1993_03_20.pdf,65,1,0,0,0,0,0,0,0,0,12
15_9_19_ST2_1993_03_21.pdf,96,24,36,0,0,12,0,0,24,0,12
15_9_19_ST2_1993_03_22.pdf,108,0,12,0,0,0,0,0,0,0,0
15_9_19_ST2_1993_03_23.pdf,66,44,0,0,0,0,0,0,0,0,0
15_9_19_ST2_1993_03_24.pdf,62,38,12,0,0,0,0,0,0,0,36
15_9_19_ST2_1993_03_25.pdf,96,84,0,0,0,12,0,0,12,0,12
15_9_19_ST2_1993_03_26.pdf,49,60,24,0,0,24,0,0,12,0,24
15_9_19_ST2_1993_03_27.pdf,51,1,30,0,0,0,0,0,10,1,10
15_9_19_ST2_1993_03_28.pdf,10,41,50,0,0,0,0,10,0,40,10
15_9_19_ST2_1993_03_29.pdf,0,37,24,0,0,0,0,0,0,0,24
15_9_19_ST2_1993_03_30.pdf,13,37,24,0,0,0,0,0,0,12,24
15_9_19_ST2_1993_03_31.pdf,51,0,1,0,0,0,0,0,0,12,0
15_9_19_ST2_1993_04_01.pdf,24,24,73,0,0,0,0,0,0,0,36
15_9_19_ST2_1993_04_02.pdf,11,11,55,0,0,0,0,0,0,0,33
15_9_19_ST2_1993_04_03.pdf,0,11,11,0,0,0,0,0,0,0,11
15_9_19_ST2_1993_04_04.pdf,13,60,36,0,0,0,0,0,0,0,12
15_9_19_ST2_1993_04_05.pdf,72,48,48,0,0,0,0,48,0,12,24
15_9_19_ST2_1993_04_06.pdf,26,85,132,0,0,0,0,0,0,0,0
15_9_19_ST2_1993_04_07.pdf,26,36,0,0,0,0,0,12,0,0,0
15_9_19_ST2_1993_04_08.pdf,132,36,0,0,0,0,0,0,12,0,0
15_9_19_ST2_1993_04_09.pdf,60,13,0,0,0,0,0,0,0,0,0
15_9_19_ST2_1993_04_10.pdf,0,254,55,0,0,0,0,0,0,0,33
15_9_19_ST2_1993_04_11.pdf,36,49,0,0,0,0,0,0,0,0,12
15_9_19_ST2_1993_04_12.pdf,11,88,11,0,0,0,0,0,0,0,11
15_9_19_ST2_1993_04_13.pdf,0,34,33,0,0,0,0,0,0,0,11
15_9_19_ST2_1993_04_14.pdf,11,143,55,0,0,0,0,0,0,0,44
15_9_19_ST2_1993_04_15.pdf,22,69,88,0,0,22,0,0,0,0,86
15_9_19_ST2_1993_04_16.pdf,33,22,88,0,0,0,0,0,0,0,33
15_9_19_ST2_1993_04_17.pdf,44,66,121,0,0,0,0,0,0,0,99
15_9_19_ST2_1993_04_18.pdf,22,0,22,0,0,11,0,0,0,0,44
15_9_19_ST2_1993_04_19.pdf,11,22,11,0,0,0,0,0,0,0,22
15_9_19_ST2_1993_04_20.pdf,40,0,30,0,0,0,0,0,0,0,70
15_9_19_ST2_1993_04_22.pdf,0,13,13,0,0,0,0,0,0,0,19
15_9_19_ST2_1993_04_23.pdf,0,48,12,0,0,0,0,0,0,0,0
15_9_19_ST2_1993_04_24.pdf,0,30,80,0,0,80,0,0,0,50,60
15_9_19_ST2_1993_04_25.pdf,1,12,0,0,0,0,0,0,0,0,0
15_9_19_ST2_1993_04_26.pdf,24,61,0,0,0,0,0,0,0,0,6
15_9_19_ST2_1993_04_27.pdf,73,12,84,0,0,36,0,0,0,0,24
15_9_19_ST2_1993_04_28.pdf,55,36,88,0,0,33,0,0,0,11,33
15_9_19_ST2_1993_04_29.pdf,20,160,70,0,0,40,0,0,0,0,100
15_9_19_ST2_1993_04_30.pdf,48,157,0,0,0,12,0,0,0,0,0
15_9_19_ST2_1997_07_17.pdf,0,1,0,0,0,0,0,0,0,0,0
15_9_19_ST2_1997_07_18.pdf,10,22,0,0,0,0,0,0,0,0,90
15_9_19_ST2_1997_07_19.pdf,1,78,0,0,0,0,0,0,0,0,0
15_9_19_ST2_1997_07_20.pdf,2,114,1,0,0,0,0,0,0,0,0
15_9_19_ST2_1997_07_21.pdf,5,121,12,0,0,0,0,0,0,0,12
15_9_19_ST2_1997_07_22.pdf,65,12,0,0,0,0,0,0,0,12,0
15_9_19_ST2_1997_07_23.pdf,186,1,0,0,0,0,0,0,0,1,0
15_9_19_ST2_1997_07_24.pdf,280,13,1,0,0,0,0,0,0,49,0
15_9_19_ST2_1997_07_25.pdf,61,0,1,0,0,0,0,0,0,0,25
15_9_19_ST2_1997_07_26.pdf,0,0,11,0,0,0,0,0,0,0,11
15_9_19_S_1992_09_14.pdf,0,1,0,0,0,0,0,0,0,0,0
15_9_19_S_1992_09_15.pdf,97,72,0,0,0,0,0,0,0,0,96
15_9_19_S_1992_09_16.pdf,37,49,0,36,0,0,0,0,0,0,0
15_9_19_S_1992_09_17.pdf,12,96,0,0,0,0,0,0,0,0,0
15_9_19_S_1992_09_18.pdf,101,148,12,12,0,0,0,0,0,1,24
15_9_19_S_1992_09_19.pdf,111,38,0,12,0,0,0,0,0,1,0
15_9_19_S_1992_09_20.pdf,156,48,0,12,0,0,0,0,0,36,0
15_9_19_S_1992_09_21.pdf,45,34,11,22,0,0,0,0,0,22,11
15_9_19_S_1992_09_22.pdf,125,87,0,0,0,0,0,0,0,0,0
15_9_19_S_1992_09_23.pdf,124,4,0,0,0,0,0,0,0,1,0
15_9_19_S_1992_09_24.pdf,44,99,33,11,0,0,0,0,0,44,0
15_9_19_S_1992_09_25.pdf,36,48,0,12,0,0,0,0,0,0,0
15_9_19_S_1992_11_18.pdf,12,61,0,0,0,0,0,0,0,0,0
15_9_19_S_1992_11_19.pdf,11,58,22,0,0,0,0,0,0,0,22
15_9_19_S_1992_11_20.pdf,0,50,0,0,0,0,0,0,0,0,0
15_9_19_S_1992_11_21.pdf,1,88,22,0,0,0,0,0,0,0,11
15_9_19_S_1992_11_22.pdf,22,143,55,0,0,0,0,0,0,0,44
15_9_19_S_1992_11_23.pdf,157,24,0,0,0,0,0,0,0,24,0
15_9_19_S_1992_11_24.pdf,265,0,0,0,0,0,0,0,0,0,0
15_9_19_S_1992_11_25.pdf,161,0,0,0,0,0,0,0,0,0,0
15_9_19_S_1992_11_26.pdf,80,11,0,0,0,0,0,0,0,0,0
15_9_19_S_1992_11_27.pdf,25,109,0,0,0,0,0,0,0,12,0
15_9_19_S_1992_11_28.pdf,23,75,34,0,0,0,0,0,0,66,0
15_9_19_S_1992_11_29.pdf,27,127,23,0,0,0,0,0,0,1,0
15_9_19_S_1992_11_30.pdf,97,70,10,0,0,0,0,0,0,51,0
15_9_19_S_1992_12_01.pdf,101,0,0,0,0,0,0,0,0,0,0
15_9_19_S_1992_12_02.pdf,163,37,0,0,0,0,0,0,0,0,0
15_9_19_S_1992_12_03.pdf,139,1,0,0,0,0,0,0,0,25,0
15_9_19_S_1992_12_04.pdf,126,37,0,0,0,0,0,0,0,0,0
15_9_19_S_1992_12_05.pdf,98,0,0,0,0,0,0,0,0,0,0
15_9_19_S_1992_12_06.pdf,140,1,0,0,0,0,0,0,0,12,0
15_9_19_S_1992_12_07.pdf,141,62,0,0,0,0,0,0,0,0,0
15_9_19_S_1992_12_08.pdf,122,0,0,0,0,0,0,0,12,0,0
15_9_19_S_1992_12_09.pdf,150,0,0,0,0,0,0,0,36,13,0
15_9_19_S_1992_12_10.pdf,200,24,0,0,0,0,0,0,0,37,0
15_9_19_S_1992_12_11.pdf,73,1,0,0,0,0,0,0,0,48,1
15_9_19_S_1992_12_12.pdf,61,38,12,0,0,0,0,0,0,24,24
15_9_19_S_1992_12_13.pdf,50,36,0,0,0,0,0,0,0,0,0
15_9_19_S_1992_12_14.pdf,74,36,0,0,0,0,0,0,0,12,0
15_9_19_S_1992_12_15.pdf,80,44,11,0,0,11,0,0,0,44,11
15_9_19_S_1992_12_16.pdf,146,12,0,0,0,0,0,0,0,12,0
15_9_19_S_1992_12_17.pdf,112,132,33,0,0,0,0,0,0,11,33
15_9_19_S_1992_12_18.pdf,62,0,0,0,0,10,0,0,0,10,20
15_9_19_S_1992_12_19.pdf,66,0,11,0,0,22,0,0,0,11,11
15_9_F_10_2009_04_07.pdf,135,57,0,10,10,60,0,0,51,1,0
15_9_F_10_2009_04_08.pdf,117,82,9,36,9,27,9,0,18,18,0
15_9_F_10_2009_04_09.pdf,20,146,40,0,0,0,0,0,0,0,20
15_9_F_10_2009_04_10.pdf,74,316,48,0,0,36,60,36,0,12,48
15_9_F_10_2009_04_11.pdf,102,424,12,0,12,36,0,24,24,0,12
15_9_F_10_2009_04_12.pdf,238,140,110,70,120,120,30,90,110,0,0
15_9_F_10_2009_04_13.pdf,177,92,54,0,54,54,0,54,54,0,0
15_9_F_10_2009_04_14.pdf,193,60,70,0,70,70,10,60,70,2,0
15_9_F_10_2009_04_15.pdf,135,34,60,0,40,60,30,40,60,12,0
15_9_F_10_2009_04_16.pdf,174,198,30,0,20,30,20,10,20,20,20
15_9_F_10_2009_04_17.pdf,220,29,24,0,0,24,0,24,0,48,12
15_9_F_10_2009_04_18.pdf,122,377,84,0,0,96,36,108,0,49,0
15_9_F_10_2009_04_19.pdf,13,276,96,0,0,60,36,0,0,24,60
15_9_F_10_2009_04_20.pdf,66,219,12,0,0,0,11,55,0,0,22
15_9_F_10_2009_04_21.pdf,37,213,25,0,0,0,0,36,0,0,12
15_9_F_10_2009_04_22.pdf,150,171,48,0,48,36,0,36,36,25,0
15_9_F_10_2009_04_23.pdf,217,2,140,20,110,120,0,100,100,71,10
15_9_F_10_2009_04_24.pdf,313,133,46,0,57,46,0,22,68,0,0
15_9_F_10_2009_04_25.pdf,195,0,73,0,73,73,0,0,73,0,12
15_9_F_10_2009_04_26.pdf,220,24,96,0,96,96,0,0,96,0,25
15_9_F_10_2009_04_27.pdf,222,25,85,0,85,85,0,0,85,0,12
15_9_F_10_2009_04_28.pdf,231,39,97,0,97,109,49,0,97,0,12
15_9_F_10_2009_04_29.pdf,274,13,99,0,87,99,1,0,75,0,0
15_9_F_10_2009_04_30.pdf,255,23,111,0,70,121,10,0,60,10,0
15_9_F_10_2009_05_01.pdf,135,156,24,0,0,12,0,0,12,0,0
15_9_F_10_2009_05_02.pdf,74,2,12,0,0,12,0,0,0,48,0
15_9_F_10_2009_05_03.pdf,145,86,144,0,48,132,0,0,48,12,0
15_9_F_10_2009_05_04.pdf,48,116,96,0,0,120,72,0,0,60,0
15_9_F_10_2009_05_05.pdf,0,148,84,0,0,36,12,0,0,0,24
15_9_F_10_2009_05_06.pdf,64,121,97,0,0,12,0,0,0,25,12
15_9_F_10_2009_05_07.pdf,206,51,132,0,132,120,0,0,120,133,0
15_9_F_10_2009_05_08.pdf,225,112,40,0,30,40,10,0,30,30,0
15_9_F_10_2009_05_09.pdf,145,0,30,0,30,30,0,0,30,20,12
15_9_F_10_2009_05_10.pdf,125,0,20,0,20,20,0,0,20,20,1
15_9_F_10_2009_05_11.pdf,218,85,36,0,36,36,18,0,36,36,19
15_9_F_10_2009_05_12.pdf,329,102,70,0,30,51,62,0,30,0,1
15_9_F_10_2009_05_13.pdf,175,1,110,0,50,40,0,0,40,20,1
15_9_F_10_2009_05_14.pdf,462,44,120,20,110,120,10,0,120,40,1
15_9_F_10_2009_05_15.pdf,82,126,11,0,0,0,11,0,0,11,24
15_9_F_10_2009_05_16.pdf,287,53,133,0,24,133,113,0,24,25,0
15_9_F_10_2009_05_17.pdf,125,160,113,0,22,66,44,0,22,23,46
15_9_F_10_2009_05_18.pdf,136,113,145,0,0,33,22,0,0,0,34
15_9_F_10_2009_05_19.pdf,500,198,72,0,60,72,13,0,48,13,1
15_9_F_10_2009_05_20.pdf,299,50,100,0,80,100,21,0,80,31,1
15_9_F_10_2009_05_21.pdf,175,0,160,0,40,40,0,0,40,60,1
15_9_F_10_2009_05_22.pdf,64,10,20,0,20,20,0,10,20,10,0
15_9_F_10_2009_05_23.pdf,64,10,20,0,20,20,0,20,20,0,0
15_9_F_10_2009_05_24.pdf,148,146,20,0,20,30,10,20,20,10,12
15_9_F_10_2009_05_25.pdf,281,222,33,0,33,44,0,22,33,22,0
15_9_F_10_2009_05_26.pdf,123,40,40,0,30,40,10,30,40,0,0
15_9_F_10_2009_05_27.pdf,174,52,50,10,50,50,0,50,40,0,0
15_9_F_10_2009_05_28.pdf,103,40,45,0,36,54,0,27,45,0,0
15_9_F_10_2009_05_29.pdf,157,180,54,0,54,72,0,54,54,0,0
15_9_F_10_2009_05_30.pdf,229,161,36,0,0,48,12,24,24,12,0
15_9_F_10_2009_05_31.pdf,64,210,13,0,0,12,0,0,12,0,13
15_9_F_10_2009_06_01.pdf,395,362,60,0,48,96,0,0,48,36,0
15_9_F_10_2009_06_02.pdf,66,63,40,0,30,40,0,20,30,40,10
15_9_F_10_2009_06_03.pdf,337,41,130,0,90,120,0,90,100,80,20
15_9_F_10_2009_06_04.pdf,180,125,10,0,10,10,21,0,10,31,20
15_9_F_10_2009_06_05.pdf,196,24,87,0,12,86,0,0,12,0,13
15_9_F_10_2009_06_06.pdf,177,12,276,0,72,228,135,0,72,50,12
15_9_F_10_2009_06_07.pdf,101,34,77,0,11,22,11,0,11,0,0
15_9_F_10_2009_06_08.pdf,172,77,56,0,0,33,45,0,0,22,34
15_9_F_10_2009_06_09.pdf,179,24,0,0,0,0,0,0,0,35,0
15_9_F_10_2009_06_10.pdf,145,12,108,0,24,60,12,0,24,12,24
15_9_F_10_2009_06_11.pdf,76,49,12,0,0,12,24,0,0,24,0
15_9_F_10_2009_06_12.pdf,25,15,0,0,0,0,1,0,0,1,0
15_9_F_10_2009_06_13.pdf,157,46,56,0,11,56,46,0,11,46,0
15_9_F_10_2009_06_14.pdf,70,13,81,0,0,50,30,0,10,0,31
15_9_F_10_2009_06_15.pdf,48,161,12,0,0,12,0,0,0,0,0
15_9_F_10_2009_06_16.pdf,0,24,0,0,0,0,0,0,0,0,0
15_9_F_11_2013_03_08.pdf,201,172,50,0,30,50,10,50,40,0,21
15_9_F_11_2013_03_09.pdf,352,107,50,0,30,50,60,30,50,61,91
15_9_F_11_2013_03_10.pdf,73,207,12,0,0,12,12,0,12,12,84
15_9_F_11_2013_03_11.pdf,24,38,0,0,0,0,0,0,0,0,25
15_9_F_11_2013_03_12.pdf,110,122,0,0,20,0,0,30,20,1,40
15_9_F_11_2013_03_13.pdf,160,173,60,0,50,60,10,80,50,50,1
15_9_F_11_2013_03_14.pdf,216,495,36,0,12,36,0,24,0,0,51
15_9_F_11_2013_03_15.pdf,54,259,36,0,9,27,18,0,9,9,28
15_9_F_11_2013_03_16.pdf,161,274,40,10,40,50,0,20,50,0,1
15_9_F_11_2013_03_17.pdf,204,153,50,0,40,50,20,10,40,30,21
15_9_F_11_2013_03_18.pdf,183,84,36,0,24,36,24,24,24,0,0
15_9_F_11_2013_03_19.pdf,222,89,77,11,11,77,0,44,11,0,1
15_9_F_11_2013_03_20.pdf,145,115,0,0,0,0,0,0,0,0,1
15_9_F_11_2013_03_21.pdf,110,100,33,0,11,44,0,0,33,0,11
15_9_F_11_2013_03_22.pdf,87,74,96,0,12,48,24,0,12,12,25
15_9_F_11_2013_03_23.pdf,184,113,66,0,22,66,11,0,22,0,0
15_9_F_11_2013_03_24.pdf,84,58,20,0,0,20,0,0,0,0,24
15_9_F_11_A_2013_05_15.pdf,52,10,10,0,10,10,0,10,10,10,0
15_9_F_11_A_2013_05_16.pdf,103,30,30,0,30,0,0,20,30,20,0
15_9_F_11_A_2013_05_17.pdf,42,1,20,0,20,0,0,10,20,20,0
15_9_F_11_A_2013_05_18.pdf,30,41,20,0,10,0,0,0,10,10,20
15_9_F_11_A_2013_05_20.pdf,32,0,10,0,10,0,0,10,10,10,0
15_9_F_11_A_2013_05_21.pdf,133,20,30,0,30,0,0,30,30,50,20
15_9_F_11_A_2013_05_22.pdf,132,22,40,0,20,0,0,10,20,10,20
15_9_F_11_A_2013_05_23.pdf,0,21,20,0,0,0,0,0,0,0,0
15_9_F_11_A_2013_05_24.pdf,104,43,30,0,20,0,0,0,20,0,15
15_9_F_11_A_2013_05_25.pdf,192,88,36,0,12,0,0,0,12,0,12
15_9_F_11_A_2013_05_26.pdf,204,75,120,0,60,0,49,0,60,75,72
15_9_F_11_A_2013_05_27.pdf,216,50,72,0,48,0,73,0,48,86,0
15_9_F_11_A_2013_05_28.pdf,110,141,0,0,0,0,0,0,0,0,0
15_9_F_11_A_2013_05_29.pdf,86,48,36,0,36,0,0,24,36,0,24
15_9_F_11_B_2013_05_29.pdf,62,0,24,0,24,0,0,24,24,12,0
15_9_F_11_B_2013_05_30.pdf,161,25,24,0,24,0,0,24,24,24,24
15_9_F_11_B_2013_05_31.pdf,168,135,22,0,22,22,0,11,22,11,11
15_9_F_11_B_2013_06_01.pdf,133,124,36,0,24,36,0,12,24,12,48
15_9_F_11_B_2013_06_02.pdf,49,25,72,0,0,84,0,24,0,0,0
15_9_F_11_B_2013_06_03.pdf,100,62,10,0,0,10,0,0,0,0,0
15_9_F_11_B_2013_06_04.pdf,0,36,81,0,0,54,72,45,0,27,18
15_9_F_11_B_2013_06_05.pdf,11,67,209,0,0,11,88,55,0,12,77
15_9_F_11_B_2013_06_06.pdf,202,47,88,0,44,55,0,22,44,11,44
15_9_F_11_B_2013_06_07.pdf,170,99,24,0,24,24,0,12,24,0,36
15_9_F_11_B_2013_06_08.pdf,255,78,88,0,55,77,0,22,55,55,0
15_9_F_11_B_2013_06_09.pdf,158,0,48,0,48,48,0,48,48,48,0
15_9_F_11_B_2013_06_10.pdf,182,0,60,0,60,60,0,60,60,60,0
15_9_F_11_B_2013_06_11.pdf,146,2,48,0,48,48,0,48,48,48,0
15_9_F_11_B_2013_06_12.pdf,147,13,60,0,60,60,0,36,60,48,12
15_9_F_11_B_2013_06_13.pdf,206,73,0,0,0,0,0,0,0,0,24
15_9_F_11_B_2013_06_14.pdf,42,5,0,0,0,0,0,0,0,0,0
15_9_F_11_B_2013_06_15.pdf,142,77,21,0,0,20,0,0,0,0,0
15_9_F_11_B_2013_06_16.pdf,82,118,130,0,20,100,40,10,30,50,30
15_9_F_11_B_2013_06_17.pdf,102,115,69,0,0,22,11,0,0,0,24
15_9_F_11_B_2013_06_18.pdf,0,0,1,0,0,0,0,0,0,20,0
15_9_F_11_B_2013_06_19.pdf,101,81,41,0,0,30,0,0,20,0,20
15_9_F_11_B_2013_06_20.pdf,156,57,179,0,22,88,11,44,44,23,22
15_9_F_11_B_2013_06_21.pdf,93,66,44,0,11,22,0,0,11,44,11
15_9_F_11_B_2013_06_22.pdf,123,146,79,0,0,44,11,11,0,11,22
15_9_F_11_B_2013_06_23.pdf,0,38,0,0,0,0,0,12,0,0,0
15_9_F_11_B_2013_06_24.pdf,12,97,0,0,0,0,0,0,0,0,0
15_9_F_11_B_2013_06_25.pdf,0,50,0,0,0,0,0,0,0,0,0
15_9_F_11_B_2013_06_26.pdf,0,69,23,0,0,0,0,22,0,0,22
15_9_F_11_B_2013_06_27.pdf,10,51,20,0,0,0,0,0,0,0,0
15_9_F_11_B_2013_06_28.pdf,0,142,20,0,0,0,0,0,0,0,30
15_9_F_11_B_2013_06_29.pdf,84,25,48,0,12,0,36,0,12,12,12
15_9_F_11_B_2013_06_30.pdf,77,45,44,0,0,0,0,0,0,0,33
15_9_F_11_B_2013_07_01.pdf,132,33,99,0,0,0,0,0,0,0,44
15_9_F_11_B_2013_07_02.pdf,60,36,0,0,0,0,0,0,0,0,0
15_9_F_11_B_2013_07_03.pdf,122,47,0,0,0,0,0,0,0,0,0
15_9_F_11_B_2013_07_04.pdf,86,109,24,0,0,0,0,0,0,0,0
15_9_F_11_B_2013_07_05.pdf,120,37,0,0,0,0,0,0,0,0,0
15_9_F_11_B_2013_07_06.pdf,33,113,209,0,0,0,0,0,0,0,132
15_9_F_11_B_2013_07_07.pdf,0,111,11,0,0,0,0,0,0,0,11
15_9_F_11_B_2013_07_08.pdf,0,20,0,0,0,0,0,0,0,0,10
15_9_F_11_B_2013_07_09.pdf,0,22,11,0,0,0,0,0,0,0,22
15_9_F_11_B_2013_07_10.pdf,11,55,44,0,0,0,0,0,0,0,33
15_9_F_11_B_2013_07_11.pdf,133,77,22,0,0,0,0,0,0,0,11
15_9_F_11_B_2013_07_12.pdf,288,96,48,0,0,0,0,0,0,0,12
15_9_F_11_B_2013_07_13.pdf,88,55,88,0,0,0,0,0,0,0,33
15_9_F_11_B_2013_07_14.pdf,20,70,20,0,0,0,0,0,0,0,10
15_9_F_11_B_2013_07_15.pdf,111,70,70,0,0,0,0,0,0,0,20
15_9_F_11_B_2013_07_16.pdf,77,33,44,0,0,0,0,0,0,0,33
15_9_F_11_B_2013_07_17.pdf,91,60,50,0,0,0,0,0,0,0,40
15_9_F_11_B_2013_07_18.pdf,158,60,72,0,0,0,0,0,0,0,0
15_9_F_11_B_2013_07_19.pdf,77,77,33,0,0,0,0,0,0,0,11
15_9_F_11_B_2013_07_20.pdf,123,90,60,0,0,0,0,0,0,0,20
15_9_F_11_B_2013_07_21.pdf,100,60,70,0,0,0,0,0,0,0,10
15_9_F_11_B_2013_07_22.pdf,10,40,10,0,0,0,0,0,0,0,20
15_9_F_11_B_2013_07_23.pdf,0,77,22,0,0,0,33,0,0,0,33
15_9_F_11_B_2013_07_24.pdf,0,0,11,0,0,0,0,0,0,0,44
15_9_F_11_B_2015_10_26.pdf,0,48,12,0,0,0,0,0,0,0,12
15_9_F_11_B_2015_10_27.pdf,24,96,24,0,0,0,0,0,0,0,24
15_9_F_11_B_2015_10_28.pdf,300,72,36,0,0,0,0,0,0,0,12
15_9_F_11_B_2015_10_29.pdf,157,12,0,0,0,0,0,0,0,0,0
15_9_F_11_B_2015_10_30.pdf,72,48,156,0,0,0,0,0,0,0,0
15_9_F_11_B_2015_10_31.pdf,132,25,72,0,0,0,0,0,0,0,0
15_9_F_11_B_2015_11_01.pdf,264,48,12,0,0,0,0,0,0,0,0
15_9_F_11_B_2015_11_02.pdf,169,60,48,0,0,0,0,0,0,0,12
15_9_F_11_B_2015_11_03.pdf,86,132,36,0,0,0,0,0,0,0,24
15_9_F_11_B_2016_04_16.pdf,0,36,12,0,0,0,0,0,0,0,12
15_9_F_11_B_2016_04_17.pdf,0,165,22,0,0,0,0,0,0,0,22
15_9_F_11_B_2016_04_18.pdf,260,100,100,0,0,0,0,0,0,0,20
15_9_F_11_B_2016_04_19.pdf,0,24,24,0,0,0,0,0,0,0,12
15_9_F_11_B_2016_04_21.pdf,0,72,36,0,0,0,0,0,0,0,36
15_9_F_11_B_2016_04_22.pdf,0,241,84,0,0,0,0,0,0,0,36
15_9_F_11_B_2016_04_23.pdf,204,109,84,0,0,0,0,0,0,0,24
15_9_F_11_B_2016_04_24.pdf,143,89,44,0,0,0,0,0,0,0,22
15_9_F_11_B_2016_09_19.pdf,11,99,11,0,0,0,0,0,0,0,11
15_9_F_11_B_2016_09_20.pdf,44,100,99,0,0,33,44,0,0,0,33
15_9_F_11_B_2016_09_21.pdf,209,133,154,0,0,0,0,0,0,0,55
15_9_F_11_B_2016_09_22.pdf,1,266,11,0,0,0,0,0,0,0,11
15_9_F_11_B_2016_09_23.pdf,68,154,66,0,0,0,0,0,0,0,11
15_9_F_11_B_2016_09_24.pdf,201,81,60,0,0,60,30,0,0,10,20
15_9_F_11_B_2016_09_25.pdf,132,159,60,0,24,60,0,0,0,0,0
15_9_F_11_B_2016_09_26.pdf,120,172,150,0,40,130,80,0,40,0,20
15_9_F_11_B_2016_09_27.pdf,156,109,108,0,24,84,36,0,24,0,13
15_9_F_11_B_2016_09_28.pdf,90,71,90,0,0,50,70,0,0,10,20
15_9_F_11_B_2016_09_29.pdf,60,121,60,0,0,70,70,0,20,10,10
15_9_F_11_B_2016_10_21.pdf,50,90,10,0,0,10,0,0,0,0,10
15_9_F_11_B_2016_10_22.pdf,0,36,0,0,0,0,0,0,0,0,0
15_9_F_11_T2_2013_03_24.pdf,292,100,110,0,66,110,0,0,66,0,0
15_9_F_11_T2_2013_03_25.pdf,343,162,140,0,120,130,0,0,120,1,0
15_9_F_11_T2_2013_03_26.pdf,121,134,24,0,12,24,0,0,12,12,0
15_9_F_11_T2_2013_03_27.pdf,0,21,0,0,0,0,0,0,0,0,0
15_9_F_11_T2_2013_03_28.pdf,0,61,0,0,0,0,0,0,0,0,0
15_9_F_11_T2_2013_03_29.pdf,60,91,0,0,0,0,0,0,0,0,0
15_9_F_11_T2_2013_03_30.pdf,202,40,90,0,40,90,40,70,0,50,0
15_9_F_11_T2_2013_03_31.pdf,142,0,40,0,10,40,40,40,0,40,0
15_9_F_11_T2_2013_04_01.pdf,2,2,0,0,0,0,0,0,0,1,0
15_9_F_11_T2_2013_04_02.pdf,214,71,60,0,0,90,20,40,60,41,0
15_9_F_11_T2_2013_04_03.pdf,24,76,0,0,0,0,0,0,0,0,0
15_9_F_11_T2_2013_04_04.pdf,62,73,10,0,0,0,0,0,0,0,10
15_9_F_11_T2_2013_04_05.pdf,160,257,12,0,0,0,0,0,0,0,0
15_9_F_11_T2_2013_04_06.pdf,40,231,80,0,0,20,50,0,0,20,10
15_9_F_11_T2_2013_04_07.pdf,23,0,11,0,0,0,0,0,0,0,0
15_9_F_11_T2_2013_04_08.pdf,70,11,10,0,0,0,0,0,0,0,0
15_9_F_11_T2_2013_04_09.pdf,60,61,10,0,0,0,0,0,0,0,0
15_9_F_11_T2_2013_04_10.pdf,0,53,31,0,0,0,0,0,0,0,31
15_9_F_11_T2_2013_04_11.pdf,0,83,0,0,0,0,0,0,0,0,10
15_9_F_11_T2_2013_04_12.pdf,84,148,36,0,0,0,0,0,0,1,24
15_9_F_11_T2_2013_04_13.pdf,205,24,60,0,60,72,0,0,60,12,0
15_9_F_11_T2_2013_04_14.pdf,89,77,99,0,66,44,0,0,66,44,11
15_9_F_11_T2_2013_04_15.pdf,72,0,50,0,20,10,0,0,20,0,0
15_9_F_11_T2_2013_04_16.pdf,50,10,20,0,10,0,0,0,10,0,0
15_9_F_11_T2_2013_04_17.pdf,110,9,54,0,36,27,0,0,36,27,0
15_9_F_11_T2_2013_04_18.pdf,40,10,10,0,0,30,0,0,10,0,0
15_9_F_11_T2_2013_04_19.pdf,154,31,100,0,50,100,11,30,90,50,20
15_9_F_11_T2_2013_04_20.pdf,101,9,36,0,27,36,0,18,36,18,0
15_9_F_11_T2_2013_04_21.pdf,192,1,60,0,60,60,0,60,60,40,0
15_9_F_11_T2_2013_04_22.pdf,151,61,40,0,40,40,0,30,40,50,30
15_9_F_11_T2_2013_04_23.pdf,96,12,24,0,0,24,0,12,0,24,0
15_9_F_11_T2_2013_04_24.pdf,179,11,22,0,0,33,0,0,0,77,0
15_9_F_11_T2_2013_04_25.pdf,91,45,72,0,0,63,45,63,0,36,27
15_9_F_11_T2_2013_04_26.pdf,46,60,33,0,0,0,0,0,0,12,33
15_9_F_11_T2_2013_04_27.pdf,190,91,55,0,33,44,11,33,33,56,11
15_9_F_11_T2_2013_04_28.pdf,121,101,0,0,0,0,0,0,0,11,0
15_9_F_11_T2_2013_04_29.pdf,206,37,48,0,36,48,0,36,48,36,0
15_9_F_11_T2_2013_04_30.pdf,266,12,60,0,60,60,0,72,60,60,0
15_9_F_11_T2_2013_05_01.pdf,146,0,48,0,36,48,0,36,36,36,0
15_9_F_11_T2_2013_05_02.pdf,183,20,60,0,60,70,10,60,60,60,30
15_9_F_11_T2_2013_05_03.pdf,160,9,45,0,45,45,0,45,45,72,0
15_9_F_11_T2_2013_05_04.pdf,182,0,60,0,60,60,0,60,60,60,0
15_9_F_11_T2_2013_05_05.pdf,161,23,30,0,20,31,0,10,30,20,10
15_9_F_11_T2_2013_05_06.pdf,155,82,40,0,10,40,0,10,10,10,10
15_9_F_11_T2_2013_05_07.pdf,180,159,36,0,0,36,0,12,12,0,24
15_9_F_11_T2_2013_05_08.pdf,20,34,10,0,0,10,0,0,10,0,10
15_9_F_11_T2_2013_05_09.pdf,200,73,41,0,10,41,0,30,20,12,12
15_9_F_11_T2_2013_05_10.pdf,170,98,12,0,0,12,0,12,0,2,0
15_9_F_11_T2_2013_05_11.pdf,191,133,88,0,22,99,132,23,22,88,0
15_9_F_11_T2_2013_05_12.pdf,82,130,31,0,0,20,0,0,0,10,0
15_9_F_11_T2_2013_05_13.pdf,178,101,66,0,0,44,44,11,11,66,0
15_9_F_11_T2_2013_05_14.pdf,159,124,24,0,0,24,0,0,12,12,0
15_9_F_11_T2_2013_05_15.pdf,99,25,36,0,0,36,0,13,24,0,6
15_9_F_12_2007_06_14.pdf,1,16,0,0,0,0,0,0,0,0,0
15_9_F_12_2007_06_15.pdf,51,271,0,0,12,24,12,12,12,1,0
15_9_F_12_2007_06_16.pdf,52,148,10,10,20,50,40,20,20,21,0
15_9_F_12_2007_06_17.pdf,99,414,60,0,0,48,24,48,0,12,13
15_9_F_12_2007_06_18.pdf,41,214,40,0,0,40,20,0,0,0,10
15_9_F_12_2007_06_19.pdf,66,206,0,0,0,0,0,11,0,0,0
15_9_F_12_2007_06_20.pdf,1,187,12,0,0,0,0,12,0,0,12
15_9_F_12_2007_06_21.pdf,14,135,0,0,0,0,0,0,0,0,0
15_9_F_12_2007_06_22.pdf,87,139,12,0,0,48,12,0,36,14,0
15_9_F_12_2007_06_23.pdf,122,254,0,0,0,12,12,0,12,14,1
15_9_F_12_2007_06_24.pdf,13,86,0,0,0,0,0,0,0,2,0
15_9_F_12_2007_06_25.pdf,14,74,0,0,0,0,0,0,0,3,0
15_9_F_12_2007_06_26.pdf,198,109,84,12,36,96,13,60,48,109,12
15_9_F_12_2007_06_27.pdf,198,24,84,0,48,84,12,48,60,96,24
15_9_F_12_2007_06_28.pdf,66,1,24,0,12,60,24,12,12,13,14
15_9_F_12_2007_06_29.pdf,125,0,84,0,84,72,24,49,84,60,12
15_9_F_12_2007_06_30.pdf,137,26,48,0,36,60,24,48,72,25,0
15_9_F_12_2007_07_01.pdf,111,53,72,0,60,72,24,36,60,73,0
15_9_F_12_2007_07_02.pdf,11,135,33,0,0,0,0,77,0,0,0
15_9_F_12_2007_07_03.pdf,0,24,0,0,12,0,0,12,0,0,1
15_9_F_12_2007_07_04.pdf,12,38,0,0,0,0,0,0,0,0,1
15_9_F_12_2007_07_05.pdf,132,44,80,0,20,60,70,0,30,20,10
15_9_F_12_2007_07_06.pdf,86,64,54,0,9,54,54,0,9,18,0
15_9_F_12_2007_07_07.pdf,122,96,0,0,12,96,24,60,72,12,0
15_9_F_12_2007_07_08.pdf,221,1,24,0,36,96,60,84,48,0,12
15_9_F_12_2007_07_09.pdf,122,1,40,0,40,60,40,40,20,2,0
15_9_F_12_2007_07_10.pdf,22,33,11,0,22,44,44,11,44,45,0
15_9_F_12_2007_07_11.pdf,242,24,24,0,96,156,72,72,120,2,12
15_9_F_12_2007_07_12.pdf,188,56,0,0,55,77,33,11,77,33,0
15_9_F_12_2007_07_13.pdf,156,84,0,0,0,12,24,12,0,24,0
15_9_F_12_2007_07_14.pdf,230,12,0,0,0,12,0,24,0,0,0
15_9_F_12_2007_07_15.pdf,30,103,0,0,0,50,20,40,0,20,0
15_9_F_12_2007_07_16.pdf,12,194,0,0,0,12,12,12,0,0,0
15_9_F_12_2007_07_17.pdf,0,60,0,0,0,0,0,0,0,0,0
15_9_F_12_2007_07_18.pdf,12,74,1,0,0,0,0,37,0,0,13
15_9_F_12_2007_07_19.pdf,1,134,0,0,0,0,0,0,0,1,23
15_9_F_12_2007_07_20.pdf,34,123,0,0,0,11,0,22,11,0,11
15_9_F_12_2007_07_21.pdf,192,181,36,0,24,84,0,36,36,1,0
15_9_F_12_2007_07_22.pdf,122,77,88,0,33,154,33,33,44,22,0
15_9_F_12_2007_07_23.pdf,143,52,20,0,20,40,0,30,30,30,12
15_9_F_12_2007_07_24.pdf,90,50,20,0,20,50,0,20,20,0,11
15_9_F_12_2007_07_25.pdf,82,112,40,0,40,70,0,40,50,0,1
15_9_F_12_2007_07_26.pdf,73,70,30,0,30,40,10,30,40,0,10
15_9_F_12_2007_07_27.pdf,111,105,30,0,30,70,0,30,40,0,20
15_9_F_12_2007_07_28.pdf,124,43,30,0,20,40,0,30,30,0,0
15_9_F_12_2007_07_29.pdf,231,194,0,0,0,96,24,12,84,24,0
15_9_F_12_2007_07_30.pdf,184,255,24,0,0,36,0,0,12,0,0
15_9_F_12_2007_07_31.pdf,278,87,96,0,72,156,24,84,120,0,0
15_9_F_12_2007_08_01.pdf,228,98,0,0,0,60,48,36,48,12,0
15_9_F_12_2007_08_02.pdf,56,132,0,0,0,22,0,11,0,0,0
15_9_F_12_2007_08_03.pdf,86,14,12,0,0,24,0,24,0,0,0
15_9_F_12_2007_08_04.pdf,113,40,60,0,0,49,0,73,0,0,0
15_9_F_12_2007_08_05.pdf,109,61,72,0,0,84,0,60,0,12,0
15_9_F_12_2007_08_06.pdf,22,137,143,0,0,88,66,44,0,33,22
15_9_F_12_2007_08_07.pdf,1,241,24,0,0,12,12,0,0,15,12
15_9_F_12_2007_08_08.pdf,2,103,44,0,0,11,0,0,0,3,11
15_9_F_12_2007_08_09.pdf,124,112,12,0,0,12,0,12,0,3,0
15_9_F_12_2007_08_10.pdf,89,199,24,0,0,12,0,12,0,3,0
15_9_F_12_2007_08_11.pdf,126,49,36,0,12,36,0,12,12,15,0
15_9_F_12_2007_08_12.pdf,136,34,77,0,55,66,0,99,66,80,11
15_9_F_12_2007_08_13.pdf,221,60,84,0,48,84,0,84,72,48,0
15_9_F_12_2007_08_14.pdf,196,62,48,0,48,48,0,48,48,48,0
15_9_F_12_2007_08_15.pdf,114,38,36,0,36,36,0,36,36,36,0
15_9_F_12_2007_08_16.pdf,148,1,36,0,36,36,0,60,36,36,0
15_9_F_12_2007_08_17.pdf,69,12,44,0,22,22,0,22,22,22,0
15_9_F_12_2007_08_18.pdf,181,73,24,0,84,36,24,84,96,36,12
15_9_F_12_2007_08_19.pdf,49,37,0,0,0,0,0,0,0,0,0
15_9_F_12_2007_08_20.pdf,134,84,72,0,36,72,48,24,36,24,12
15_9_F_12_2007_08_21.pdf,36,111,24,0,0,36,36,12,12,25,25
15_9_F_12_2007_08_22.pdf,133,181,0,0,12,12,24,0,0,12,60
15_9_F_12_2007_08_23.pdf,160,24,48,0,48,48,0,36,48,38,0
15_9_F_12_2007_08_24.pdf,88,24,10,0,20,32,0,20,20,0,0
15_9_F_12_2007_08_25.pdf,100,10,0,0,20,90,0,20,70,0,0
15_9_F_12_2007_08_26.pdf,144,63,0,0,24,24,12,36,36,12,0
15_9_F_12_2007_08_27.pdf,101,39,0,0,0,0,0,11,0,0,0
15_9_F_12_2007_08_28.pdf,143,169,11,0,33,88,55,33,44,44,0
15_9_F_12_2007_08_29.pdf,154,66,0,0,22,33,11,33,22,0,22
15_9_F_12_2007_08_30.pdf,99,11,0,0,22,77,0,33,55,0,0
15_9_F_12_2007_08_31.pdf,89,34,11,0,0,44,11,0,0,0,22
15_9_F_12_2007_09_01.pdf,26,66,0,0,0,11,0,11,0,0,0
15_9_F_12_2007_09_02.pdf,93,53,10,0,0,10,0,10,0,0,10
15_9_F_12_2007_09_03.pdf,23,154,111,0,0,11,0,77,11,0,45
15_9_F_12_2007_09_04.pdf,62,159,72,0,0,0,0,48,0,0,36
15_9_F_12_2007_09_05.pdf,101,57,11,0,0,0,0,0,0,0,11
15_9_F_12_2007_09_06.pdf,134,154,66,0,0,22,0,55,0,0,55
15_9_F_12_2007_09_07.pdf,11,12,20,0,0,0,0,0,0,0,20
15_9_F_12_2007_09_08.pdf,72,48,0,0,0,0,0,0,0,0,12
15_9_F_12_2007_09_09.pdf,145,179,55,0,0,11,0,44,0,0,44
15_9_F_12_2007_09_10.pdf,0,143,30,0,0,0,10,0,0,0,30
15_9_F_12_2007_09_11.pdf,12,123,0,0,0,0,0,0,0,0,0
15_9_F_12_2007_09_12.pdf,20,90,0,0,0,0,0,20,0,0,0
15_9_F_12_2007_09_13.pdf,12,45,0,11,0,0,0,0,0,0,0
15_9_F_12_2007_09_14.pdf,24,182,1,0,0,0,0,48,0,0,0
15_9_F_12_2007_09_15.pdf,0,120,30,0,0,0,0,10,0,0,20
15_9_F_12_2007_10_12.pdf,12,0,0,0,0,0,0,0,0,0,0
15_9_F_12_2007_12_31.pdf,0,38,0,0,0,0,0,0,0,0,0
15_9_F_12_2008_01_01.pdf,68,134,11,0,11,0,0,66,33,0,33
15_9_F_12_2008_01_02.pdf,132,48,0,0,12,24,24,48,0,0,0
15_9_F_12_2008_01_03.pdf,79,99,0,0,11,0,0,55,11,0,33
15_9_F_12_2008_01_04.pdf,145,37,0,0,12,24,0,48,36,0,12
15_9_F_12_2008_01_05.pdf,111,1,0,0,0,0,0,0,0,0,0
15_9_F_12_2008_01_06.pdf,0,20,0,0,0,0,0,0,0,0,0
15_9_F_12_2008_01_07.pdf,0,10,0,0,0,0,0,0,0,0,0
15_9_F_12_2008_01_08.pdf,0,10,0,10,0,0,0,0,0,0,0
15_9_F_12_2008_01_09.pdf,0,50,0,0,0,0,0,0,0,0,0
15_9_F_12_2008_01_10.pdf,0,20,20,0,0,0,10,0,0,0,70
15_9_F_12_2008_01_11.pdf,0,26,0,0,0,0,0,0,0,0,48
15_9_F_12_2008_01_12.pdf,240,61,12,0,60,60,36,60,60,0,12
15_9_F_12_2008_01_13.pdf,51,91,40,0,0,10,40,0,10,20,30
15_9_F_12_2008_01_14.pdf,88,156,23,0,0,11,0,11,0,0,11
15_9_F_12_2008_01_15.pdf,60,102,480,0,0,90,0,0,0,0,180
15_9_F_12_2008_01_16.pdf,80,241,280,0,0,110,0,30,0,0,150
15_9_F_12_2008_01_17.pdf,35,77,0,0,0,0,0,0,0,0,0
15_9_F_12_2008_01_18.pdf,146,33,12,0,0,0,0,11,0,0,11
15_9_F_12_2008_01_19.pdf,1,60,22,0,0,0,10,0,0,0,21
15_9_F_12_2008_01_20.pdf,12,86,312,0,0,0,0,0,0,0,36
15_9_F_12_2008_01_21.pdf,1,11,11,0,0,0,0,0,0,0,11
15_9_F_12_2008_01_22.pdf,23,24,44,0,0,11,0,0,0,0,33
15_9_F_12_2008_01_23.pdf,74,43,91,0,0,0,0,0,0,0,81
15_9_F_12_2008_01_24.pdf,111,14,0,0,0,0,0,48,0,0,0
15_9_F_12_2008_01_25.pdf,48,76,36,0,0,36,0,24,12,0,24
15_9_F_12_2008_01_26.pdf,51,12,24,0,0,0,0,0,0,0,0
15_9_F_12_2008_01_27.pdf,110,1,48,0,0,0,0,24,0,0,0
15_9_F_12_2008_01_28.pdf,98,14,73,0,0,0,0,48,0,0,1
15_9_F_12_2008_01_29.pdf,99,87,72,0,0,0,0,120,0,0,12
15_9_F_12_2008_01_30.pdf,33,47,88,0,0,11,0,11,0,0,66
15_9_F_12_2008_01_31.pdf,41,120,140,0,0,0,0,0,0,0,120
15_9_F_12_2008_02_01.pdf,207,1,99,0,0,0,0,0,0,0,61
15_9_F_12_2008_02_02.pdf,165,146,110,0,0,0,0,0,0,0,55
15_9_F_12_2008_02_03.pdf,0,90,0,0,0,0,0,0,0,0,0
15_9_F_12_2008_02_04.pdf,10,1,0,0,0,0,0,0,0,0,20
15_9_F_12_2008_02_05.pdf,0,22,0,0,0,0,0,0,0,0,46
15_9_F_12_2008_02_12.pdf,0,216,204,0,0,0,0,0,0,0,84
15_9_F_12_2009_03_14.pdf,1,64,37,0,0,0,0,0,0,0,49
15_9_F_12_2009_03_15.pdf,34,191,211,0,0,0,22,0,0,0,90
15_9_F_12_2009_03_16.pdf,465,74,85,0,0,0,0,0,0,0,37
15_9_F_12_2009_03_17.pdf,362,111,190,0,0,0,10,0,0,0,80
15_9_F_12_2009_03_18.pdf,0,121,44,0,0,0,0,11,0,0,44
15_9_F_12_2010_09_21.pdf,0,14,0,0,0,0,0,0,0,0,1
15_9_F_12_2010_09_22.pdf,99,44,66,0,0,0,0,0,0,0,45
15_9_F_12_2010_09_23.pdf,190,48,36,0,0,0,0,0,0,0,24
15_9_F_12_2010_09_24.pdf,37,84,60,0,0,0,0,0,0,0,24
15_9_F_12_2014_11_24.pdf,0,55,0,0,0,0,0,0,0,0,0
15_9_F_12_2014_11_25.pdf,0,56,0,0,0,0,0,0,0,0,0
15_9_F_12_2014_11_26.pdf,45,198,66,0,0,0,0,0,0,0,11
15_9_F_12_2014_11_27.pdf,266,120,108,0,0,0,0,0,0,0,24
15_9_F_12_2014_11_28.pdf,11,77,33,0,0,0,0,0,0,0,22
15_9_F_12_2016_08_15.pdf,36,0,0,0,0,0,0,0,0,0,0
15_9_F_12_2016_08_16.pdf,66,166,88,0,0,44,44,0,0,0,11
15_9_F_12_2016_08_17.pdf,44,343,99,0,0,0,0,0,0,0,66
15_9_F_12_2016_08_18.pdf,12,332,22,0,0,0,0,0,0,0,11
15_9_F_12_2016_08_19.pdf,168,147,22,0,0,0,11,0,0,0,0
15_9_F_12_2016_08_20.pdf,217,108,120,0,0,108,48,0,0,12,24
15_9_F_12_2016_08_21.pdf,108,120,84,0,36,72,0,0,36,0,0
15_9_F_12_2016_08_22.pdf,49,120,0,0,192,0,0,0,0,0,0
15_9_F_12_2016_08_23.pdf,145,241,72,0,120,72,12,0,24,0,0
15_9_F_12_2016_08_24.pdf,168,288,144,0,36,156,0,0,36,0,0
15_9_F_12_2016_08_25.pdf,41,131,60,0,40,70,0,0,50,0,10
15_9_F_12_2016_08_26.pdf,181,108,24,0,12,36,0,0,24,0,12
15_9_F_12_2016_08_27.pdf,221,113,130,0,0,120,70,0,0,10,0
15_9_F_12_2016_08_28.pdf,100,102,40,0,10,40,40,0,10,10,30
15_9_F_12_2016_08_29.pdf,30,222,0,0,0,0,0,0,0,0,0
15_9_F_12_2016_10_20.pdf,21,50,10,0,0,10,0,0,0,0,0
15_9_F_12_2016_10_21.pdf,12,48,0,0,0,0,0,0,0,0,12
15_9_F_14_2007_11_06.pdf,1,28,0,0,0,0,0,0,0,0,12
15_9_F_14_2007_11_07.pdf,138,150,12,0,12,24,0,12,12,1,0
15_9_F_14_2007_11_08.pdf,224,56,40,0,40,40,40,50,40,21,0
15_9_F_14_2007_11_09.pdf,25,52,0,0,0,0,0,0,0,0,0
15_9_F_14_2007_11_10.pdf,1,4,0,0,0,0,0,0,0,0,0
15_9_F_14_2007_11_11.pdf,2,100,0,0,0,0,0,0,0,0,0
15_9_F_14_2007_11_12.pdf,103,102,18,0,0,36,9,0,0,0,9
15_9_F_14_2007_11_13.pdf,0,46,0,0,0,11,1,0,0,1,0
15_9_F_14_2007_11_14.pdf,22,45,0,0,0,66,110,99,0,55,0
15_9_F_14_2007_11_15.pdf,0,236,0,0,0,23,11,22,0,12,0
15_9_F_14_2007_12_04.pdf,0,4,0,0,0,0,0,0,0,0,0
15_9_F_14_2007_12_05.pdf,247,347,22,0,22,33,11,55,33,0,0
15_9_F_14_2007_12_06.pdf,284,225,60,90,50,110,40,40,60,0,10
15_9_F_14_2007_12_07.pdf,183,60,40,110,40,60,30,40,30,0,0
15_9_F_14_2007_12_08.pdf,122,22,30,0,30,50,30,30,0,1,0
15_9_F_14_2007_12_09.pdf,220,122,50,0,40,60,50,120,0,21,0
15_9_F_14_2007_12_10.pdf,60,110,0,0,0,0,0,0,0,0,0
15_9_F_14_2007_12_11.pdf,111,66,10,0,0,10,0,70,0,0,0
15_9_F_14_2007_12_12.pdf,88,291,132,0,0,121,55,77,0,22,33
15_9_F_14_2008_04_29.pdf,0,62,0,0,0,0,0,36,0,0,0
15_9_F_14_2008_04_30.pdf,0,64,1,0,0,0,0,36,0,0,13
15_9_F_14_2008_05_01.pdf,0,55,0,0,0,0,0,0,0,0,23
15_9_F_14_2008_05_11.pdf,134,179,44,0,11,44,11,11,22,1,11
15_9_F_14_2008_05_12.pdf,205,80,90,0,70,110,20,70,70,31,0
15_9_F_14_2008_05_13.pdf,223,10,70,0,70,90,0,70,90,10,10
15_9_F_14_2008_05_14.pdf,133,32,60,0,30,40,0,40,40,30,0
15_9_F_14_2008_05_15.pdf,222,22,80,0,60,110,20,60,80,10,11
15_9_F_14_2008_05_16.pdf,96,242,12,0,0,12,0,0,12,0,0
15_9_F_14_2008_05_17.pdf,26,121,0,0,0,0,0,0,0,12,0
15_9_F_14_2008_05_18.pdf,100,16,24,0,0,24,0,0,0,24,0
15_9_F_14_2008_05_19.pdf,100,124,253,0,0,99,33,77,0,33,88
15_9_F_14_2008_05_20.pdf,78,106,319,0,0,22,0,78,0,0,176
15_9_F_14_2008_05_21.pdf,14,182,66,0,0,0,0,0,0,0,44
15_9_F_14_2008_05_22.pdf,186,253,84,0,48,96,0,48,0,12,36
15_9_F_14_2008_05_23.pdf,219,62,72,0,48,120,36,48,12,12,12
15_9_F_14_2008_05_24.pdf,258,58,54,0,18,63,9,126,0,0,9
15_9_F_14_2008_05_25.pdf,124,134,0,0,0,0,0,0,0,0,11
15_9_F_14_2008_05_26.pdf,136,12,0,0,0,0,0,0,0,0,0
15_9_F_14_2008_05_27.pdf,83,55,51,0,0,60,10,0,0,0,21
15_9_F_14_2008_05_28.pdf,115,58,176,0,22,110,66,33,22,11,33
15_9_F_14_2008_05_29.pdf,147,63,73,0,0,24,0,72,12,0,13
15_9_F_14_2008_05_30.pdf,66,92,188,0,0,22,66,0,0,0,132
15_9_F_14_2008_05_31.pdf,0,113,0,0,0,0,0,22,0,0,11
15_9_F_14_2008_06_01.pdf,12,193,0,0,0,0,0,60,0,0,12
15_9_F_14_2008_06_02.pdf,24,133,25,12,0,0,12,24,0,0,61
15_9_F_14_2008_06_03.pdf,0,213,198,0,0,0,0,33,0,0,132
15_9_F_14_2008_06_04.pdf,0,95,30,0,0,0,0,20,10,0,20
15_9_F_14_2008_06_05.pdf,0,201,11,0,0,0,0,0,0,0,46
15_9_F_14_2008_06_06.pdf,24,147,0,0,0,0,24,0,0,12,13
15_9_F_14_2008_06_07.pdf,48,98,12,0,0,0,0,132,48,0,0
15_9_F_14_2008_06_08.pdf,0,88,0,0,11,0,0,66,0,0,11
15_9_F_14_2008_06_09.pdf,25,193,0,0,0,0,0,24,12,0,26
15_9_F_14_2008_06_10.pdf,121,157,12,0,0,12,0,24,12,12,12
15_9_F_14_2008_06_11.pdf,316,132,60,0,60,72,0,36,0,120,12
15_9_F_14_2008_06_12.pdf,144,0,40,0,40,60,0,40,0,112,0
15_9_F_14_2008_06_13.pdf,261,10,50,0,50,90,0,30,10,110,0
15_9_F_14_2008_06_14.pdf,303,1,80,0,80,80,0,60,0,110,0
15_9_F_14_2008_06_15.pdf,260,32,80,0,110,80,10,60,30,100,1
15_9_F_14_2008_06_16.pdf,171,147,0,0,36,0,0,24,36,0,0
15_9_F_14_2008_06_17.pdf,200,103,0,0,0,0,0,22,0,0,11
15_9_F_14_2008_06_18.pdf,220,73,11,0,44,154,66,77,33,22,33
15_9_F_14_2008_06_19.pdf,99,156,0,0,0,33,0,0,11,11,22
15_9_F_14_2008_06_20.pdf,231,91,33,0,0,33,11,33,0,1,0
15_9_F_14_2008_06_21.pdf,140,172,151,0,30,90,120,50,40,30,20
15_9_F_14_2008_06_22.pdf,160,130,20,0,0,10,10,0,0,30,10
15_9_F_14_2008_06_23.pdf,87,181,36,0,0,24,24,0,0,0,0
15_9_F_14_2008_06_24.pdf,182,37,12,0,0,0,0,0,0,0,0
15_9_F_14_2008_06_25.pdf,219,39,0,0,0,0,0,12,0,0,0
15_9_F_14_2008_06_26.pdf,36,78,33,0,0,0,0,0,0,0,110
15_9_F_14_2008_06_27.pdf,133,71,11,0,0,11,1,11,0,0,11
15_9_F_14_2008_06_28.pdf,44,205,385,0,0,33,22,55,0,0,198
15_9_F_14_2008_06_29.pdf,0,225,22,0,0,0,0,11,0,0,33
15_9_F_14_2008_06_30.pdf,0,168,34,0,0,0,0,11,0,0,34
15_9_F_14_2008_07_01.pdf,0,121,120,0,0,0,0,12,0,0,72
15_9_F_14_2008_07_02.pdf,0,30,10,0,0,0,0,0,0,0,10
15_9_F_14_2008_07_03.pdf,0,30,10,0,0,0,0,0,0,0,10
15_9_F_14_2008_07_04.pdf,101,140,50,0,0,0,0,0,0,0,50
15_9_F_14_2008_07_05.pdf,72,36,1,0,0,0,0,0,0,0,1
15_9_F_14_2008_07_06.pdf,216,96,36,0,0,12,12,0,0,0,24
15_9_F_14_2008_07_07.pdf,324,168,132,0,0,24,12,0,0,0,36
15_9_F_14_2008_07_08.pdf,276,132,84,0,0,0,0,0,0,0,48
15_9_F_14_2008_07_09.pdf,155,99,99,0,0,0,0,0,0,0,33
15_9_F_14_2008_07_10.pdf,348,157,181,0,0,0,0,0,0,0,48
15_9_F_14_2008_07_11.pdf,0,132,60,0,0,12,24,0,0,0,48
15_9_F_14_2009_03_07.pdf,0,36,0,0,0,0,0,0,0,0,0
15_9_F_14_2009_03_08.pdf,0,41,0,0,0,0,0,0,0,0,0
15_9_F_14_2009_03_09.pdf,0,43,11,0,0,0,0,0,0,0,22
15_9_F_14_2009_03_10.pdf,357,56,66,0,0,22,11,0,0,0,22
15_9_F_14_2009_03_11.pdf,739,1,40,0,0,0,0,0,0,0,20
15_9_F_14_2009_03_12.pdf,495,36,60,0,0,0,0,0,0,0,12
15_9_F_14_2009_03_13.pdf,0,48,56,0,0,0,0,0,0,0,56
15_9_F_14_2009_03_14.pdf,12,108,72,0,0,0,0,12,0,0,84
15_9_F_14_2010_09_11.pdf,0,12,0,0,0,0,0,0,0,0,0
15_9_F_14_2010_09_12.pdf,0,36,0,0,0,0,0,0,0,0,1
15_9_F_14_2010_09_13.pdf,24,96,84,12,0,0,12,0,0,0,49
15_9_F_14_2010_09_14.pdf,264,0,72,48,0,0,0,0,0,0,13
15_9_F_14_2010_09_15.pdf,62,0,24,12,0,0,0,0,0,0,1
15_9_F_14_2010_09_16.pdf,65,0,0,0,0,0,0,0,0,0,0
15_9_F_14_2010_09_17.pdf,269,25,12,0,0,0,0,0,0,0,1
15_9_F_14_2010_09_19.pdf,0,84,24,0,0,0,0,0,0,0,12
15_9_F_14_2010_09_20.pdf,121,149,84,0,0,0,0,0,0,0,0
15_9_F_14_2010_09_21.pdf,0,73,48,0,0,0,0,0,0,0,36
15_9_F_14_2012_01_28.pdf,0,36,12,0,0,0,0,0,0,0,12
15_9_F_14_2012_01_29.pdf,0,84,0,0,0,0,0,0,0,0,1
15_9_F_14_2012_01_30.pdf,0,103,20,0,0,0,0,0,0,0,11
15_9_F_14_2012_01_31.pdf,36,96,24,0,0,0,0,0,0,0,24
15_9_F_14_2016_07_31.pdf,0,79,143,0,0,44,99,0,0,11,22
15_9_F_14_2016_08_01.pdf,0,149,440,0,0,0,0,0,0,0,187
15_9_F_14_2016_08_02.pdf,10,222,20,0,0,0,0,0,0,0,0
15_9_F_14_2016_08_03.pdf,50,126,121,10,0,0,0,0,0,0,50
15_9_F_14_2016_08_04.pdf,80,45,275,0,0,0,0,0,0,0,0
15_9_F_14_2016_08_05.pdf,363,349,48,0,36,84,0,0,24,0,24
15_9_F_14_2016_08_06.pdf,171,72,24,0,0,24,60,0,0,0,12
15_9_F_14_2016_08_07.pdf,251,60,100,0,0,100,40,0,0,10,0
15_9_F_14_2016_08_08.pdf,130,170,80,0,0,70,0,0,40,0,10
15_9_F_14_2016_08_09.pdf,144,96,96,0,132,84,0,0,12,0,0
15_9_F_14_2016_08_10.pdf,144,180,96,0,24,60,0,0,24,0,12
15_9_F_14_2016_08_11.pdf,131,31,90,10,20,90,40,0,20,0,0
15_9_F_14_2016_08_12.pdf,108,97,0,0,0,0,0,0,0,0,0
15_9_F_14_2016_08_13.pdf,168,121,84,0,36,60,24,0,36,0,0
15_9_F_14_2016_08_14.pdf,154,267,55,0,0,33,154,0,0,11,55
15_9_F_14_2016_08_15.pdf,33,291,22,0,0,0,0,0,0,0,22
15_9_F_14_2016_09_12.pdf,2,85,1,0,0,0,0,0,0,1,1
15_9_F_14_2016_09_13.pdf,143,233,130,0,0,70,21,0,0,10,50
15_9_F_14_2016_09_14.pdf,121,194,24,0,0,12,24,0,0,0,24
15_9_F_14_2016_09_15.pdf,212,190,177,0,11,88,77,0,11,11,44
15_9_F_14_2016_10_19.pdf,11,51,10,0,0,10,0,0,0,0,0
15_9_F_14_2016_10_20.pdf,36,36,0,0,0,0,0,0,0,0,12
15_9_F_15_2007_11_19.pdf,3,2,0,0,0,0,0,0,0,0,0
15_9_F_15_2007_11_20.pdf,216,147,24,0,36,48,48,48,36,24,0
15_9_F_15_2007_11_21.pdf,34,224,0,0,0,33,33,11,0,11,11
15_9_F_15_2007_11_22.pdf,12,121,0,0,0,0,0,12,0,0,0
15_9_F_15_2007_12_23.pdf,0,2,0,0,0,0,0,0,0,0,0
15_9_F_15_2007_12_24.pdf,123,151,20,0,20,20,20,20,0,0,10
15_9_F_15_2007_12_25.pdf,377,30,50,0,40,50,50,40,0,1,0
15_9_F_15_2007_12_26.pdf,402,23,40,0,40,60,40,40,0,1,0
15_9_F_15_2007_12_27.pdf,210,23,10,0,60,100,40,30,10,21,0
15_9_F_15_2007_12_28.pdf,135,113,0,0,22,66,55,0,0,45,0
15_9_F_15_2007_12_29.pdf,90,104,0,0,0,11,0,0,0,0,0
15_9_F_15_2007_12_30.pdf,143,204,0,0,0,55,22,121,0,11,11
15_9_F_15_2007_12_31.pdf,0,111,10,0,0,30,20,0,0,20,0
15_9_F_15_2008_09_07.pdf,33,11,0,0,0,0,0,0,0,0,22
15_9_F_15_2008_09_08.pdf,0,124,0,0,0,0,0,12,0,0,72
15_9_F_15_2008_09_09.pdf,0,12,0,0,0,0,0,44,0,0,66
15_9_F_15_2008_09_10.pdf,0,185,0,0,0,0,0,0,0,0,40
15_9_F_15_2008_09_11.pdf,77,166,0,0,0,22,0,0,0,0,55
15_9_F_15_2008_09_19.pdf,51,28,0,0,0,0,0,0,0,0,0
15_9_F_15_2008_09_20.pdf,180,121,178,0,55,176,110,55,77,0,78
15_9_F_15_2008_09_21.pdf,206,123,132,0,96,85,84,72,48,13,24
15_9_F_15_2008_09_22.pdf,72,72,24,0,0,24,0,0,0,0,0
15_9_F_15_2008_09_23.pdf,0,192,0,0,0,0,0,0,0,0,0
15_9_F_15_2008_09_24.pdf,96,216,24,0,0,0,0,12,0,0,12
15_9_F_15_2008_09_25.pdf,150,75,96,0,24,84,0,0,36,0,24
15_9_F_15_2008_09_26.pdf,166,20,100,0,20,90,10,40,60,0,0
15_9_F_15_2008_09_27.pdf,176,0,70,0,0,70,0,50,70,0,30
15_9_F_15_2008_09_28.pdf,136,12,50,0,0,50,0,30,50,0,0
15_9_F_15_2008_09_29.pdf,147,26,60,0,0,60,10,30,50,0,10
15_9_F_15_2008_09_30.pdf,80,120,20,0,0,20,10,0,10,10,0
15_9_F_15_2008_10_01.pdf,70,60,30,0,0,30,0,10,10,0,10
15_9_F_15_2008_10_02.pdf,100,12,36,0,0,36,0,12,0,0,0
15_9_F_15_2008_10_03.pdf,122,37,60,0,0,60,0,0,0,0,0
15_9_F_15_2008_10_04.pdf,136,82,20,0,0,20,0,0,0,0,0
15_9_F_15_2008_10_05.pdf,208,149,84,0,0,108,0,120,0,0,12
15_9_F_15_2008_10_06.pdf,66,33,187,0,0,132,77,77,0,22,22
15_9_F_15_2008_11_11.pdf,22,60,45,0,0,0,0,0,0,0,33
15_9_F_15_2008_11_12.pdf,33,2,0,0,0,0,0,0,0,1,11
15_9_F_15_2008_11_13.pdf,84,156,0,0,0,0,0,0,0,0,0
15_9_F_15_2008_11_14.pdf,215,158,96,0,48,96,13,24,0,123,12
15_9_F_15_2008_11_15.pdf,155,71,50,0,30,54,27,30,10,30,10
15_9_F_15_2008_11_16.pdf,135,37,48,0,48,206,133,0,0,37,0
15_9_F_15_2008_11_17.pdf,157,31,40,0,40,192,62,50,10,30,10
15_9_F_15_2008_11_18.pdf,102,2,30,0,30,70,10,30,0,30,1
15_9_F_15_2008_11_19.pdf,323,32,100,0,60,100,0,80,0,80,41
15_9_F_15_2008_11_20.pdf,65,1,12,0,12,12,12,12,0,14,36
15_9_F_15_2008_11_21.pdf,132,0,60,0,36,48,12,144,0,48,0
15_9_F_15_2008_11_22.pdf,108,108,0,0,0,12,12,0,24,12,0
15_9_F_15_2008_11_23.pdf,33,121,0,0,0,0,0,0,0,0,11
15_9_F_15_2008_11_24.pdf,90,111,0,0,0,0,11,0,33,11,0
15_9_F_15_2008_11_25.pdf,62,72,24,0,0,36,300,0,72,72,24
15_9_F_15_2008_11_26.pdf,87,24,0,0,0,60,48,0,36,48,0
15_9_F_15_2008_11_27.pdf,207,0,0,0,48,60,144,84,12,84,36
15_9_F_15_2008_11_28.pdf,146,1,0,0,36,36,108,144,0,36,60
15_9_F_15_2008_11_29.pdf,329,183,0,0,36,144,144,84,24,48,60
15_9_F_15_2008_11_30.pdf,384,264,0,0,0,12,0,0,0,0,72
15_9_F_15_2008_12_01.pdf,66,22,0,0,0,44,22,0,0,0,0
15_9_F_15_2008_12_02.pdf,156,131,0,0,0,48,96,0,24,72,12
15_9_F_15_2008_12_03.pdf,201,101,22,0,11,34,22,45,23,0,11
15_9_F_15_2008_12_04.pdf,288,84,0,0,0,60,72,0,12,36,0
15_9_F_15_2008_12_05.pdf,165,121,22,0,11,88,99,0,33,99,11
15_9_F_15_2008_12_06.pdf,198,132,55,0,11,33,11,44,11,33,22
15_9_F_15_2008_12_07.pdf,204,228,36,0,0,24,12,84,12,0,0
15_9_F_15_2008_12_08.pdf,228,120,36,0,24,72,12,24,12,12,36
15_9_F_15_2008_12_09.pdf,300,48,72,0,12,84,72,0,36,36,24
15_9_F_15_2008_12_10.pdf,24,124,0,0,0,1,0,0,0,0,0
15_9_F_15_2008_12_11.pdf,9,50,0,0,0,12,0,0,0,0,0
15_9_F_15_2008_12_12.pdf,172,61,60,0,60,84,0,60,60,0,0
15_9_F_15_A_2008_12_12.pdf,34,0,10,0,10,10,0,10,10,0,0
15_9_F_15_A_2008_12_13.pdf,174,20,50,0,50,50,0,50,50,0,0
15_9_F_15_A_2008_12_14.pdf,144,40,50,0,50,50,0,40,50,0,0
15_9_F_15_A_2008_12_15.pdf,152,41,50,0,50,60,0,50,60,0,0
15_9_F_15_A_2008_12_16.pdf,135,33,60,0,40,61,0,30,50,0,0
15_9_F_15_A_2008_12_17.pdf,237,244,132,0,13,85,60,13,25,36,36
15_9_F_15_A_2008_12_18.pdf,146,96,0,0,0,0,0,0,0,60,0
15_9_F_15_A_2008_12_19.pdf,215,77,44,0,33,66,11,44,22,11,0
15_9_F_15_A_2008_12_20.pdf,146,73,62,0,0,60,0,60,0,1,0
15_9_F_15_A_2008_12_21.pdf,214,58,91,0,0,88,0,132,0,2,0
15_9_F_15_A_2008_12_22.pdf,99,116,256,0,0,143,110,44,0,37,66
15_9_F_15_A_2008_12_23.pdf,33,84,30,0,0,0,0,0,0,2,20
